timestamp,last_price,bid_price,ask_price,bid_volume,ask_volume,volume_24h,high_24h,low_24h,change_24h,price_change_24h,bid_ask_spread,change_24h_normalized,spread_percentage,trend
2025-05-14 20:40:15,104271.29,104271.29,104271.3,4.43222,0.27508,2020023815.8247635,104976.25,102811.32,0.581,602.08,-0.010000000009313226,0.005809999999999999,-9.590367597171979e-06,bullish
2025-05-14 20:40:17,104277.14,104277.14,104277.15,4.41066,0.23256,2019959252.427979,104976.25,102811.32,0.547,567.29,-0.00999999999476131,0.00547,-9.589829558771281e-06,bullish
2025-05-14 20:40:19,104277.14,104274.23,104274.24,1.07637,2.18797,2019942072.4366076,104976.25,102811.32,0.549,569.3,-0.010000000009313226,0.00549,-9.589829572726318e-06,bullish
2025-05-14 20:40:21,104274.23,104244.03,104244.04,1.40535,3.91278,2019950061.5902853,104976.25,102811.32,0.557,577.84,-0.00999999999476131,0.00557,-9.590097183897988e-06,bullish
2025-05-14 20:40:23,104245.47,104245.47,104245.48,4.8524,0.80794,2020037967.9778945,104976.25,102811.32,0.537,557.05,-0.00999999999476131,0.005370000000000001,-9.592742969801288e-06,bullish
2025-05-14 20:40:25,104249.88,104249.88,104249.89,6.30032,1.1075,2020039026.8500552,104976.25,102811.32,0.547,567.48,-0.00999999999476131,0.00547,-9.592337175602802e-06,bullish
2025-05-14 20:40:27,104249.88,104246.49,104246.5,0.86798,3.30021,2019757723.4031622,104976.25,102811.32,0.563,583.21,-0.00999999999476131,0.00563,-9.592337175602802e-06,bullish
2025-05-14 20:40:29,104241.7,104253.89,104253.9,5.19597,0.00799,2019760806.7028234,104976.25,102811.32,0.558,577.93,-0.00999999999476131,0.005580000000000001,-9.593089900453765e-06,bullish
2025-05-14 20:40:31,104254.82,104254.82,104254.83,2.03691,2.36108,2019836138.869822,104976.25,102811.32,0.572,593.21,-0.00999999999476131,0.005719999999999999,-9.591882653254123e-06,bullish
2025-05-14 20:40:33,104250.15,104241.46,104241.47,1.25731,2.83267,2019848881.3068576,104976.25,102811.32,0.556,576.81,-0.00999999999476131,0.005560000000000001,-9.59231233217536e-06,bullish
2025-05-14 20:40:35,104241.46,104214.81,104214.82,2.78398,1.82792,2019865830.0581093,104976.25,102811.32,0.548,568.13,-0.010000000009313226,0.0054800000000000005,-9.59311200103416e-06,bullish
2025-05-14 20:40:37,104214.81,104206.2,104206.21,1.16896,2.36858,2019914631.6739507,104976.25,102811.32,0.532,551.06,-0.010000000009313226,0.00532,-9.595565169013144e-06,bullish
2025-05-14 20:40:39,104206.2,104206.2,104206.21,4.08729,0.69435,2019915151.2194693,104976.25,102811.32,0.536,555.4,-0.010000000009313226,0.00536,-9.596357999152859e-06,bullish
2025-05-14 20:40:41,104206.2,104206.2,104206.21,4.06339,0.69326,2019919074.086382,104976.25,102811.32,0.536,555.41,-0.010000000009313226,0.00536,-9.596357999152859e-06,bullish
2025-05-14 20:40:43,104206.21,104206.2,104206.21,2.85011,1.35924,2019894613.1178186,104976.25,102811.32,0.532,551.13,-0.010000000009313226,0.00532,-9.59635707825208e-06,bullish
2025-05-14 20:40:45,104190.47,104190.47,104190.48,3.33526,1.00515,2019909034.9868162,104976.25,102811.32,0.508,526.53,-0.00999999999476131,0.00508,-9.59780678094773e-06,bullish
2025-05-14 20:40:47,104180.05,104171.26,104171.27,3.04694,0.74329,2019939776.242281,104976.25,102811.32,0.459,476.5,-0.010000000009313226,0.00459,-9.59876675938745e-06,bullish
2025-05-14 20:40:49,104177.74,104168.16,104168.17,1.45529,2.74805,2019967913.6968617,104976.25,102811.32,0.458,475.16,-0.00999999999476131,0.00458,-9.598979585045048e-06,bullish
2025-05-14 20:40:51,104160.03,104158.73,104158.74,1.92151,2.8551,2020055791.808868,104976.25,102811.32,0.441,457.46,-0.010000000009313226,0.00441,-9.60061168311225e-06,bullish
2025-05-14 20:40:53,104142.85,104146.26,104146.27,6.71517,0.61255,2020109330.1882217,104976.25,102811.32,0.425,440.28,-0.010000000009313226,0.00425,-9.602195454909508e-06,bullish
2025-05-14 20:40:55,104142.85,104142.85,104142.86,0.04717,7.10403,2020012103.0652206,104976.25,102811.32,0.378,391.85,-0.00999999999476131,0.00378,-9.602195440936473e-06,bullish
2025-05-14 20:40:57,104135.09,104132.98,104132.99,0.00658,5.35377,2019999272.87423,104976.25,102811.32,0.366,380.26,-0.010000000009313226,0.00366,-9.602910996968673e-06,bullish
2025-05-14 20:40:59,104132.98,104132.98,104132.99,4.00805,1.03551,2019995813.832928,104976.25,102811.32,0.364,378.14,-0.010000000009313226,0.00364,-9.603105576459279e-06,bullish
2025-05-14 20:41:01,104132.98,104126.98,104126.99,2.50187,4.31921,2019595171.500868,104976.25,102811.32,0.325,337.7,-0.010000000009313226,0.0032500000000000003,-9.603105576459279e-06,bullish
2025-05-14 20:41:03,104126.98,104126.98,104126.99,0.21372,5.44351,2019583284.2836401,104976.25,102811.32,0.341,354.05,-0.010000000009313226,0.0034100000000000003,-9.603658926162294e-06,bullish
2025-05-14 20:41:05,104123.83,104095.22,104095.23,0.01068,4.85416,2019592216.514592,104976.25,102811.32,0.338,350.89,-0.00999999999476131,0.00338,-9.603949446309563e-06,bullish
2025-05-14 20:41:07,104084.81,104084.81,104084.82,1.94753,3.56739,2019610917.483516,104976.25,102811.32,0.296,306.68,-0.010000000009313226,0.00296,-9.607549852195748e-06,bullish
2025-05-14 20:41:09,104084.81,104084.81,104084.82,0.89938,3.13044,2019607133.7980738,104976.25,102811.32,0.293,304.11,-0.010000000009313226,0.00293,-9.607549852195748e-06,bullish
2025-05-14 20:41:11,104094.78,104094.0,104094.01,3.20962,5.85679,2019684516.1752868,104976.25,102811.32,0.303,314.08,-0.00999999999476131,0.0030299999999999997,-9.606629645368683e-06,bullish
2025-05-14 20:41:13,104094.0,104077.64,104077.65,0.90395,2.64126,2020226905.6662524,104976.25,102811.32,0.31,321.5,-0.00999999999476131,0.0031,-9.606701630027965e-06,bullish
2025-05-14 20:41:15,104077.64,104093.2,104093.21,0.00635,3.33688,2020537187.6903896,104976.25,102811.32,0.304,315.73,-0.010000000009313226,0.0030399999999999997,-9.608211724740516e-06,bullish
2025-05-14 20:41:17,104084.0,104084.0,104084.01,6.11739,9.19866,2022465382.2785723,104976.25,102811.32,0.32,332.52,-0.00999999999476131,0.0032,-9.607624605858066e-06,bullish
2025-05-14 20:41:19,104065.18,104047.61,104047.62,1.84267,0.18853,2025412093.0872822,104976.25,102811.32,0.302,313.71,-0.00999999999476131,0.00302,-9.609362127429474e-06,bullish
2025-05-14 20:41:21,104048.78,104048.78,104048.79,3.62046,0.78111,2025670280.1918902,104976.25,102811.32,0.311,322.43,-0.00999999999476131,0.00311,-9.610876739507479e-06,bullish
2025-05-14 20:41:23,104048.78,104048.78,104048.79,5.49195,0.54409,2025670989.0424707,104976.25,102811.32,0.311,322.43,-0.00999999999476131,0.00311,-9.610876739507479e-06,bullish
2025-05-14 20:41:25,104052.2,104064.19,104064.2,6.20809,0.41082,2025835159.3535213,104976.25,102811.32,0.321,333.3,-0.00999999999476131,0.00321,-9.61056084807559e-06,bullish
2025-05-14 20:41:27,104064.19,104064.19,104064.2,5.05609,0.50613,2025906163.3094292,104976.25,102811.32,0.333,345.29,-0.00999999999476131,0.00333,-9.60945354474129e-06,bullish
2025-05-14 20:41:29,104075.26,104064.86,104064.87,1.66768,2.65676,2026337462.1235964,104976.25,102811.32,0.339,351.17,-0.00999999999476131,0.0033900000000000002,-9.608431431986152e-06,bullish
2025-05-14 20:41:31,104072.77,104082.17,104082.18,6.96845,0.00881,2027074992.4120755,104976.25,102811.32,0.329,340.86,-0.00999999999476131,0.00329,-9.608661319153232e-06,bullish
2025-05-14 20:41:33,104089.76,104133.07,104133.08,1.64325,1.46219,2029688583.0009441,104976.25,102811.32,0.324,336.13,-0.00999999999476131,0.0032400000000000003,-9.607092950124307e-06,bullish
2025-05-14 20:41:35,104120.28,104120.28,104120.29,4.45183,0.46502,2029912149.3820612,104976.25,102811.32,0.353,366.65,-0.00999999999476131,0.0035299999999999997,-9.6042768947234e-06,bullish
2025-05-14 20:41:37,104120.28,104120.28,104120.29,4.63768,0.32722,2029920053.836089,104976.25,102811.32,0.353,366.65,-0.00999999999476131,0.0035299999999999997,-9.6042768947234e-06,bullish
2025-05-14 20:41:39,104120.29,104120.28,104120.29,5.0551,0.48966,2029865688.9549742,104976.25,102811.32,0.35,362.77,-0.00999999999476131,0.0034999999999999996,-9.604275972302143e-06,bullish
2025-05-14 20:41:41,104120.28,104120.28,104120.29,5.11232,0.59911,2029870954.2218475,104976.25,102811.32,0.35,362.76,-0.00999999999476131,0.0034999999999999996,-9.6042768947234e-06,bullish
2025-05-14 20:41:43,104112.32,104112.32,104112.33,4.9114,0.14352,2029845438.2822258,104976.25,102811.32,0.352,365.18,-0.00999999999476131,0.0035199999999999997,-9.6050111982533e-06,bullish
2025-05-14 20:41:45,104112.33,104112.32,104112.33,3.20308,0.31033,2029850277.5044749,104976.25,102811.32,0.352,365.19,-0.00999999999476131,0.0035199999999999997,-9.605010275690987e-06,bullish
2025-05-14 20:41:47,104112.33,104112.32,104112.33,4.40102,0.41262,2029850681.90946,104976.25,102811.32,0.352,365.2,-0.00999999999476131,0.0035199999999999997,-9.605010275690987e-06,bullish
2025-05-14 20:41:50,104112.33,104112.32,104112.33,1.78665,2.56682,2030060498.6897147,104976.25,102811.32,0.352,365.19,-0.00999999999476131,0.0035199999999999997,-9.605010275690987e-06,bullish
2025-05-14 20:41:52,104112.32,104112.32,104112.33,6.15059,1.09392,2029993119.1500647,104976.25,102811.32,0.361,374.78,-0.00999999999476131,0.00361,-9.6050111982533e-06,bullish
2025-05-14 20:41:54,104126.44,104130.22,104130.23,4.08906,1.28139,2030080234.0561895,104976.25,102811.32,0.382,396.14,-0.00999999999476131,0.00382,-9.603708716788272e-06,bullish
2025-05-14 20:41:56,104130.22,104139.0,104139.01,5.50588,0.69725,2030353432.2979941,104976.25,102811.32,0.386,399.91,-0.00999999999476131,0.00386,-9.603360095427927e-06,bullish
2025-05-14 20:41:58,104139.01,104139.0,104139.01,4.73127,0.09078,2030785922.3039076,104976.25,102811.32,0.407,422.47,-0.00999999999476131,0.00407,-9.602549510276035e-06,bullish
2025-05-14 20:42:00,104142.84,104142.84,104142.85,6.82417,0.47056,2030809309.4721434,104976.25,102811.32,0.411,426.3,-0.010000000009313226,0.00411,-9.60219637693117e-06,bullish
2025-05-14 20:42:02,104142.84,104142.84,104142.85,3.17899,1.13388,2030802483.303046,104976.25,102811.32,0.413,428.55,-0.010000000009313226,0.00413,-9.60219637693117e-06,bullish
2025-05-14 20:42:04,104142.84,104142.84,104142.85,2.01983,1.10433,2030788521.237949,104976.25,102811.32,0.413,428.55,-0.010000000009313226,0.00413,-9.60219637693117e-06,bullish
2025-05-14 20:42:06,104142.84,104126.99,104127.0,1.26096,1.92856,2030786602.7937796,104976.25,102811.32,0.415,430.54,-0.00999999999476131,0.00415,-9.602196362958136e-06,bullish
2025-05-14 20:42:08,104126.99,104126.99,104127.0,5.03104,0.19783,2030853707.0848894,104976.25,102811.32,0.4,414.69,-0.00999999999476131,0.004,-9.603657989884573e-06,bullish
2025-05-14 20:42:10,104136.23,104136.23,104136.24,5.76351,0.78199,2030881931.5289235,104976.25,102811.32,0.411,426.14,-0.010000000009313226,0.00411,-9.602805871994047e-06,bullish
2025-05-14 20:42:12,104150.18,104150.18,104150.19,4.9905,1.08147,2031443804.866446,104976.25,102811.32,0.424,440.09,-0.010000000009313226,0.00424,-9.60151966066043e-06,bullish
2025-05-14 20:42:14,104150.18,104150.18,104150.19,3.87269,1.70391,2031419848.672373,104976.25,102811.32,0.444,460.52,-0.010000000009313226,0.00444,-9.60151966066043e-06,bullish
2025-05-14 20:42:16,104150.18,104150.18,104150.19,0.90361,1.79552,2031412227.1234884,104976.25,102811.32,0.449,465.7,-0.010000000009313226,0.00449,-9.60151966066043e-06,bullish
2025-05-14 20:42:18,104150.18,104150.18,104150.19,4.4215,1.42026,2031398762.284764,104976.25,102811.32,0.449,465.7,-0.010000000009313226,0.00449,-9.60151966066043e-06,bullish
2025-05-14 20:42:20,104150.18,104150.18,104150.19,3.41779,1.43252,2031408596.6912954,104976.25,102811.32,0.449,465.69,-0.010000000009313226,0.00449,-9.60151966066043e-06,bullish
2025-05-14 20:42:22,104150.18,104166.0,104166.01,0.02847,2.54938,2031398001.320333,104976.25,102811.32,0.453,469.67,-0.00999999999476131,0.00453,-9.60151964668838e-06,bullish
2025-05-14 20:42:24,104166.01,104164.36,104164.37,0.00529,2.95426,2031581269.5424008,104976.25,102811.32,0.468,485.51,-0.00999999999476131,0.00468,-9.600060513752337e-06,bullish
2025-05-14 20:42:26,104158.73,104158.73,104158.74,1.68506,2.24216,2031602020.788496,104976.25,102811.32,0.461,478.22,-0.010000000009313226,0.00461,-9.600731507875745e-06,bullish
2025-05-14 20:42:28,104158.74,104152.0,104152.01,2.51908,2.94507,2031602561.0826464,104976.25,102811.32,0.461,478.24,-0.00999999999476131,0.00461,-9.600730572164477e-06,bullish
2025-05-14 20:42:30,104152.0,104152.0,104152.01,0.77995,3.15279,2031579513.7903955,104976.25,102811.32,0.455,471.49,-0.00999999999476131,0.00455,-9.601351865313494e-06,bullish
2025-05-14 20:42:32,104112.8,104112.8,104112.81,1.60088,2.39915,2031691387.0705774,104976.25,102811.32,0.417,432.29,-0.00999999999476131,0.00417,-9.604966915462182e-06,bullish
2025-05-14 20:42:34,104112.8,104112.8,104112.81,3.04665,2.19038,2031608298.4865286,104976.25,102811.32,0.421,436.07,-0.00999999999476131,0.00421,-9.604966915462182e-06,bullish
2025-05-14 20:42:36,104112.8,104112.8,104112.81,0.96613,2.78376,2031557486.3514955,104976.25,102811.32,0.437,452.8,-0.00999999999476131,0.00437,-9.604966915462182e-06,bullish
2025-05-14 20:42:38,104112.32,104111.06,104111.07,5.00229,0.57681,2031607538.731421,104976.25,102811.32,0.436,452.31,-0.010000000009313226,0.00436,-9.605011212230431e-06,bullish
2025-05-14 20:42:40,104111.07,104096.39,104096.4,0.92477,2.67496,2031602548.5247827,104976.25,102811.32,0.435,451.06,-0.00999999999476131,0.00435,-9.605126519938091e-06,bullish
2025-05-14 20:42:42,104084.88,104084.87,104084.88,4.4958,1.46586,2031672721.7096548,104976.25,102811.32,0.404,419.07,-0.010000000009313226,0.00404,-9.607543390849108e-06,bullish
2025-05-14 20:42:44,104084.87,104089.93,104089.94,6.29374,1.06859,2031613245.6208897,104976.25,102811.32,0.404,419.05,-0.010000000009313226,0.00404,-9.607544313898097e-06,bullish
2025-05-14 20:42:46,104089.94,104089.93,104089.94,2.86482,1.29837,2031672081.7684188,104976.25,102811.32,0.418,433.02,-0.010000000009313226,0.00418,-9.607076350810871e-06,bullish
2025-05-14 20:42:48,104100.0,104100.0,104100.01,3.31129,1.00071,2031617273.1740532,104976.25,102811.32,0.432,448.07,-0.00999999999476131,0.00432,-9.60614792964583e-06,bullish
2025-05-14 20:42:50,104100.0,104080.0,104080.01,0.02462,6.3058,2031604937.1347377,104976.25,102811.32,0.432,448.08,-0.00999999999476131,0.00432,-9.60614792964583e-06,bullish
2025-05-14 20:42:52,104067.1,104067.1,104067.11,2.03001,2.50087,2031661818.269105,104976.25,102811.32,0.401,415.18,-0.00999999999476131,0.0040100000000000005,-9.609184838206609e-06,bullish
2025-05-14 20:42:54,104067.1,104067.1,104067.11,1.02849,2.56788,2031662944.3554478,104976.25,102811.32,0.401,415.18,-0.00999999999476131,0.0040100000000000005,-9.609184838206609e-06,bullish
2025-05-14 20:42:56,104067.1,104081.9,104081.91,6.23201,1.52937,2031685269.4232383,104976.25,102811.32,0.414,428.59,-0.010000000009313226,0.00414,-9.609184852189813e-06,bullish
2025-05-14 20:42:58,104086.61,104095.62,104095.63,1.34434,1.42353,2031468125.7089913,104976.25,102811.32,0.439,454.92,-0.010000000009313226,0.00439,-9.607383706043675e-06,bullish
2025-05-14 20:43:01,104095.63,104094.0,104094.01,3.99863,1.69257,2031717309.0690796,104976.25,102811.32,0.439,455.35,-0.00999999999476131,0.00439,-9.606551201776011e-06,bullish
2025-05-14 20:43:03,104094.0,104119.99,104120.0,6.63116,0.18964,2031816214.9466784,104976.25,102811.32,0.446,462.3,-0.00999999999476131,0.00446,-9.606701630027965e-06,bullish
2025-05-14 20:43:05,104126.98,104126.98,104126.99,2.75638,1.64008,2031925316.7787545,104976.25,102811.32,0.478,495.29,-0.010000000009313226,0.0047799999999999995,-9.603658926162294e-06,bullish
2025-05-14 20:43:07,104126.98,104135.73,104135.74,6.19426,0.29064,2031928276.7159612,104976.25,102811.32,0.478,495.28,-0.010000000009313226,0.0047799999999999995,-9.603658926162294e-06,bullish
2025-05-14 20:43:09,104135.73,104163.99,104164.0,5.19497,0.11678,2031989535.614071,104976.25,102811.32,0.486,504.03,-0.00999999999476131,0.00486,-9.602851965181702e-06,bullish
2025-05-14 20:43:11,104164.0,104163.98,104163.99,0.01062,3.46962,2031990928.7095757,104976.25,102811.32,0.506,524.5,-0.010000000009313226,0.00506,-9.600245775232542e-06,bullish
2025-05-14 20:43:13,104147.63,104147.63,104147.64,1.91942,1.4326,2032008775.6177745,104976.25,102811.32,0.496,513.73,-0.00999999999476131,0.00496,-9.60175473485216e-06,bullish
2025-05-14 20:43:15,104147.63,104147.62,104147.63,0.91796,2.94364,2032017918.8006127,104976.25,102811.32,0.496,513.73,-0.010000000009313226,0.00496,-9.601754748824553e-06,bullish
2025-05-14 20:43:17,104142.36,104112.48,104112.49,0.00548,3.67224,2032104752.088209,104976.25,102811.32,0.496,513.49,-0.010000000009313226,0.00496,-9.602240634179238e-06,bullish
2025-05-14 20:43:19,104104.38,104104.38,104104.39,3.23006,1.90151,2032170519.8353777,104976.25,102811.32,0.485,502.35,-0.00999999999476131,0.00485,-9.60574376866882e-06,bullish
2025-05-14 20:43:21,104104.39,104095.23,104095.24,0.05393,4.51354,2032117449.885177,104976.25,102811.32,0.493,510.42,-0.010000000009313226,0.00493,-9.60574285994397e-06,bullish
2025-05-14 20:43:23,104082.6,104082.6,104082.61,3.18118,3.10037,2032154273.7804818,104976.25,102811.32,0.472,488.62,-0.00999999999476131,0.004719999999999999,-9.607753836627169e-06,bullish
2025-05-14 20:43:25,104082.6,104047.62,104047.63,1.12224,1.94846,2032095689.138485,104976.25,102811.32,0.491,508.79,-0.010000000009313226,0.00491,-9.607753850608291e-06,bullish
2025-05-14 20:43:27,104044.11,104044.11,104044.12,0.94654,3.27466,2032108483.8595557,104976.25,102811.32,0.468,484.97,-0.00999999999476131,0.00468,-9.6113081218738e-06,bullish
2025-05-14 20:43:30,104036.58,104036.58,104036.59,1.40081,1.87986,2032062162.967856,104976.25,102811.32,0.473,489.58,-0.00999999999476131,0.00473,-9.612003772866534e-06,bullish
2025-05-14 20:43:32,104036.59,104031.74,104031.75,3.19454,5.89283,2032061206.200803,104976.25,102811.32,0.473,489.58,-0.00999999999476131,0.00473,-9.612002848960458e-06,bullish
2025-05-14 20:43:34,104031.74,104011.78,104011.79,0.83583,3.42261,2032090950.1786706,104976.25,102811.32,0.442,457.94,-0.00999999999476131,0.00442,-9.612450964255055e-06,bullish
2025-05-14 20:43:36,104007.05,104007.05,104007.06,1.67734,3.56724,2032363803.597066,104976.25,102811.32,0.399,412.92,-0.00999999999476131,0.0039900000000000005,-9.614732842399923e-06,bullish
2025-05-14 20:43:38,104000.0,104027.11,104027.12,7.31923,0.89873,2032398380.1901295,104976.25,102811.32,0.392,405.87,-0.00999999999476131,0.00392,-9.615384610347414e-06,bullish
2025-05-14 20:43:40,104026.53,104023.05,104023.06,0.87842,4.09319,2032526828.2506816,104976.25,102811.32,0.433,448.29,-0.00999999999476131,0.00433,-9.612932388267984e-06,bullish
2025-05-14 20:43:42,104010.0,104023.0,104023.01,1.87293,5.00608,2032510804.0813887,104976.25,102811.32,0.435,450.54,-0.00999999999476131,0.00435,-9.614460143025968e-06,bullish
2025-05-14 20:43:44,104023.0,104024.35,104024.36,2.2794,2.68758,2033594888.5803246,104976.25,102811.32,0.432,447.52,-0.00999999999476131,0.00432,-9.61325860123368e-06,bullish
2025-05-14 20:43:46,104024.35,104033.27,104033.28,3.02869,4.97889,2034279869.532062,104976.25,102811.32,0.428,443.15,-0.00999999999476131,0.00428,-9.613133842952452e-06,bullish
2025-05-14 20:43:48,104033.27,104033.0,104033.01,2.9338,5.84686,2034910240.6030064,104976.25,102811.32,0.436,452.08,-0.00999999999476131,0.00436,-9.61230959553738e-06,bullish
2025-05-14 20:43:50,104033.0,104037.41,104037.42,0.94515,10.1996,2036044428.0810702,104976.25,102811.32,0.436,451.81,-0.00999999999476131,0.00436,-9.612334542655994e-06,bullish
2025-05-14 20:43:53,104036.86,104045.15,104045.16,6.08497,9.98936,2037569650.946074,104976.25,102811.32,0.427,442.74,-0.010000000009313226,0.0042699999999999995,-9.611977917550786e-06,bullish
2025-05-14 20:43:55,104045.15,104058.2,104058.21,4.72425,4.60437,2038436856.0330276,104976.25,102811.32,0.435,451.02,-0.010000000009313226,0.00435,-9.611212064486644e-06,bullish
2025-05-14 20:43:57,104058.2,104067.06,104067.07,3.09288,2.76872,2038790524.8393915,104976.25,102811.32,0.448,464.08,-0.010000000009313226,0.0044800000000000005,-9.610006716734698e-06,bullish
2025-05-14 20:43:59,104067.06,104067.05,104067.06,2.08127,8.77313,2040234117.609086,104976.25,102811.32,0.457,472.94,-0.00999999999476131,0.00457,-9.60918853166536e-06,bullish
2025-05-14 20:44:01,104044.0,104010.0,104010.01,4.43654,1.39124,2044892342.8301444,104976.25,102811.32,0.434,449.88,-0.00999999999476131,0.00434,-9.611318283381367e-06,bullish
2025-05-14 20:44:03,103992.7,103992.7,103992.71,4.61242,1.5423,2048158727.5263176,104976.25,102811.32,0.39,404.03,-0.010000000009313226,0.0039000000000000003,-9.616059597753714e-06,bullish
2025-05-14 20:44:05,103992.7,103992.7,103992.71,0.75376,5.89658,2048283863.018195,104976.25,102811.32,0.386,399.71,-0.010000000009313226,0.00386,-9.616059597753714e-06,bullish
2025-05-14 20:44:07,103974.78,103951.28,103953.01,5e-05,0.18335,2048745733.1390374,104976.25,102811.32,0.366,378.67,-1.7299999999959255,0.00366,-0.0016638650257263592,bullish
2025-05-14 20:44:09,103939.39,103939.39,103939.4,0.86689,2.29464,2048924990.9002428,104976.25,102811.32,0.331,343.28,-0.00999999999476131,0.00331,-9.620991613248173e-06,bullish
2025-05-14 20:44:11,103923.07,103883.01,103883.02,0.00966,4.39866,2048961435.1157715,104976.25,102811.32,0.311,321.78,-0.010000000009313226,0.00311,-9.622502500468111e-06,bullish
2025-05-14 20:44:13,103880.01,103880.01,103880.02,1.43063,7.78039,2049065717.6945097,104976.25,102811.32,0.259,268.37,-0.010000000009313226,0.0025900000000000003,-9.626491188548428e-06,bullish
2025-05-14 20:44:15,103857.15,103798.69,103798.7,2.92937,1.37668,2049338013.5552218,104976.25,102811.32,0.237,245.52,-0.00999999999476131,0.0023699999999999997,-9.628610061763981e-06,bullish
2025-05-14 20:44:17,103789.7,103789.7,103789.71,1.54888,4.47408,2050134096.363832,104976.25,102811.32,0.172,178.07,-0.010000000009313226,0.00172,-9.63486743801478e-06,bullish
2025-05-14 20:44:19,103780.0,103746.37,103746.38,3.21785,1.31943,2050328415.5945804,104976.25,102811.32,0.163,168.37,-0.010000000009313226,0.0016300000000000002,-9.635767979681273e-06,bullish
2025-05-14 20:44:21,103769.14,103769.14,103769.15,2.33214,2.62396,2052214560.6528833,104976.25,102811.32,0.152,157.51,-0.00999999999476131,0.0015199999999999999,-9.636776400730805e-06,bullish
2025-05-14 20:44:23,103781.05,103776.92,103776.93,1.76003,3.12187,2052474279.170123,104976.25,102811.32,0.164,169.41,-0.00999999999476131,0.00164,-9.635670476220188e-06,bullish
2025-05-14 20:44:25,103722.75,103749.4,103749.41,4.0307,1.02353,2052919607.94217,104976.25,102811.32,0.1,103.7,-0.010000000009313226,0.001,-9.641086463011467e-06,bullish
2025-05-14 20:44:28,103773.92,103781.71,103781.72,2.1844,2.87619,2053105168.3774216,104976.25,102811.32,0.147,152.52,-0.00999999999476131,0.00147,-9.636332514721724e-06,bullish
2025-05-14 20:44:30,103796.01,103788.46,103788.47,2.17645,2.54164,2053433429.7503057,104976.25,102811.32,0.169,174.62,-0.00999999999476131,0.00169,-9.634281698074243e-06,bullish
2025-05-14 20:44:32,103788.53,103788.53,103788.54,2.44668,3.71887,2053630129.730065,104976.25,102811.32,0.161,167.13,-0.00999999999476131,0.00161,-9.634976037102858e-06,bullish
2025-05-14 20:44:34,103788.53,103777.77,103777.78,2.24018,3.53345,2053665988.7013779,104976.25,102811.32,0.154,159.67,-0.00999999999476131,0.00154,-9.634976037102858e-06,bullish
2025-05-14 20:44:36,103777.77,103777.77,103777.78,3.19272,2.62499,2053682017.4840345,104976.25,102811.32,0.13,134.75,-0.00999999999476131,0.0013,-9.635975021202816e-06,bullish
2025-05-14 20:44:38,103777.77,103777.77,103777.78,3.32281,1.89975,2053693191.639362,104976.25,102811.32,0.13,134.75,-0.00999999999476131,0.0013,-9.635975021202816e-06,bullish
2025-05-14 20:44:40,103777.77,103782.96,103782.97,0.37449,3.8779,2053695056.6294022,104976.25,102811.32,0.139,144.49,-0.00999999999476131,0.0013900000000000002,-9.635975021202816e-06,bullish
2025-05-14 20:44:42,103728.05,103725.61,103725.62,0.00252,5.6572,2053828341.0084066,104976.25,102811.32,0.12,124.53,-0.00999999999476131,0.0012,-9.640593836249028e-06,bullish
2025-05-14 20:44:44,103722.86,103722.85,103722.86,3.8055,2.58113,2053836120.420972,104976.25,102811.32,0.115,119.35,-0.00999999999476131,0.00115,-9.641076224432405e-06,bullish
2025-05-14 20:44:46,103722.86,103733.99,103734.0,6.14888,0.01395,2053837027.4146273,104976.25,102811.32,0.115,119.34,-0.00999999999476131,0.00115,-9.641076224432405e-06,bullish
2025-05-14 20:44:48,103742.9,103730.69,103730.7,0.00735,4.95574,2053904477.6965277,104976.25,102811.32,0.125,129.06,-0.00999999999476131,0.00125,-9.6392138592244e-06,bullish
2025-05-14 20:44:50,103710.12,103695.92,103695.93,0.00118,4.9477,2054132463.4365757,104976.25,102811.32,0.093,96.28,-0.00999999999476131,0.0009299999999999999,-9.642260557370207e-06,bullish
2025-05-14 20:44:52,103692.3,103692.3,103692.31,0.62449,2.26922,2054161388.7021108,104976.25,102811.32,0.082,85.21,-0.00999999999476131,0.00082,-9.643917624318594e-06,bullish
2025-05-14 20:44:54,103692.3,103703.6,103703.61,8.03023,0.86734,2054081724.712636,104976.25,102811.32,0.098,101.5,-0.00999999999476131,0.00098,-9.643917624318594e-06,bullish
2025-05-14 20:44:56,103718.03,103718.02,103718.03,3.02401,1.93542,2054148212.5781279,104976.25,102811.32,0.123,127.23,-0.00999999999476131,0.00123,-9.641525195533804e-06,bullish
2025-05-14 20:44:58,103717.25,103701.5,103701.51,2.61312,3.95943,2054209853.1330626,104976.25,102811.32,0.122,126.45,-0.00999999999476131,0.00122,-9.64159770410545e-06,bullish
2025-05-14 20:45:00,103701.51,103718.02,103718.03,2.79212,0.00747,2054244838.5293808,104976.25,102811.32,0.107,110.71,-0.00999999999476131,0.00107,-9.643061122987804e-06,bullish
2025-05-14 20:45:02,103780.0,103779.99,103780.0,2.13983,1.76232,2054633304.3794134,104976.25,102811.32,0.183,189.2,-0.00999999999476131,0.00183,-9.635767965659386e-06,bullish
2025-05-14 20:45:04,103779.99,103785.18,103785.19,3.91107,0.23152,2054601291.272271,104976.25,102811.32,0.175,181.72,-0.010000000009313226,0.0017499999999999998,-9.635768908161608e-06,bullish
2025-05-14 20:45:06,103784.48,103780.74,103780.75,2.39064,0.01614,2054707677.4943078,104976.25,102811.32,0.18,186.52,-0.00999999999476131,0.0018,-9.635352024465808e-06,bullish
2025-05-14 20:45:08,103780.75,103780.74,103780.75,2.07149,4.48969,2054809829.4847736,104976.25,102811.32,0.185,191.93,-0.00999999999476131,0.00185,-9.635698330144377e-06,bullish
2025-05-14 20:45:10,103761.9,103759.03,103759.04,2.7721,2.8509,2055710401.3840535,104976.25,102811.32,0.2,206.7,-0.00999999999476131,0.002,-9.637448808051232e-06,bullish
2025-05-14 20:45:12,103759.03,103759.03,103759.04,2.2969,0.08405,2055716069.8807783,104976.25,102811.32,0.199,205.83,-0.00999999999476131,0.00199,-9.637715382228719e-06,bullish
2025-05-14 20:45:14,103769.34,103727.04,103727.05,2.22858,2.2375,2055724028.528748,104976.25,102811.32,0.209,216.14,-0.010000000009313226,0.00209,-9.636757841298043e-06,bullish
2025-05-14 20:45:16,103727.05,103727.04,103727.05,0.02966,3.57649,2055982764.0244899,104976.25,102811.32,0.168,173.84,-0.010000000009313226,0.00168,-9.640686792223653e-06,bullish
2025-05-14 20:45:18,103720.0,103714.28,103714.29,0.74257,3.42829,2055939498.6870272,104976.25,102811.32,0.188,194.51,-0.00999999999476131,0.00188,-9.641342069766015e-06,bullish
2025-05-14 20:45:20,103714.29,103692.3,103692.31,3.00952,1.15684,2055928478.2054465,104976.25,102811.32,0.184,190.49,-0.00999999999476131,0.00184,-9.641872874761338e-06,bullish
2025-05-14 20:45:22,103690.02,103700.0,103700.01,3.93068,2.31694,2055799490.2205985,104976.25,102811.32,0.178,184.57,-0.00999999999476131,0.00178,-9.64412968071692e-06,bullish
2025-05-14 20:45:25,103705.0,103700.0,103700.01,4.60232,2.09067,2056491387.391927,104976.25,102811.32,0.198,205.0,-0.00999999999476131,0.00198,-9.642736603598004e-06,bullish
2025-05-14 20:45:27,103672.73,103687.85,103687.86,1.01648,7.06192,2056901024.56935,104976.25,102811.32,0.162,167.28,-0.00999999999476131,0.0016200000000000001,-9.645738078626183e-06,bullish
2025-05-14 20:45:29,103680.0,103664.53,103664.54,3.15336,2.64337,2058350140.9776556,104976.25,102811.32,0.174,180.0,-0.00999999999476131,0.0017399999999999998,-9.645061723342313e-06,bullish
2025-05-14 20:45:31,103674.66,103697.46,103697.47,5.98555,0.01346,2059864545.4467628,104976.25,102811.32,0.175,181.25,-0.00999999999476131,0.0017499999999999998,-9.645558514261161e-06,bullish
2025-05-14 20:45:33,103704.23,103714.28,103714.29,0.07332,3.60167,2059908119.6677477,104976.25,102811.32,0.204,210.81,-0.00999999999476131,0.0020399999999999997,-9.642808200553931e-06,bullish
2025-05-14 20:45:35,103714.28,103717.0,103717.01,6.66276,0.01214,2059927522.3639588,104976.25,102811.32,0.199,206.13,-0.00999999999476131,0.00199,-9.641873804418553e-06,bullish
2025-05-14 20:45:37,103732.79,103746.03,103746.04,1.36271,5.48647,2060179857.8444674,104976.25,102811.32,0.207,214.71,-0.00999999999476131,0.00207,-9.640153315804299e-06,bullish
2025-05-14 20:45:39,103746.03,103732.0,103732.01,3.033,2.89696,2060251272.919052,104976.25,102811.32,0.206,213.25,-0.00999999999476131,0.0020599999999999998,-9.638923045789137e-06,bullish
2025-05-14 20:45:41,103750.61,103727.89,103727.9,0.94717,5.38832,2060446981.1216426,104976.25,102811.32,0.21,217.83,-0.00999999999476131,0.0021,-9.638497542097642e-06,bullish
2025-05-14 20:45:43,103720.01,103736.83,103736.84,5.62992,1.06994,2059929439.862569,104976.25,102811.32,0.204,211.46,-0.00999999999476131,0.0020399999999999997,-9.641341140211335e-06,bullish
2025-05-14 20:45:45,103746.84,103752.83,103752.84,2.88873,2.15337,2060041372.288284,104976.25,102811.32,0.232,240.45,-0.00999999999476131,0.00232,-9.638847790218296e-06,bullish
2025-05-14 20:45:47,103733.0,103733.0,103733.01,8.33243,5.18358,2060451445.426899,104976.25,102811.32,0.237,244.93,-0.00999999999476131,0.0023699999999999997,-9.640133800007048e-06,bullish
2025-05-14 20:45:50,103727.82,103727.82,103727.83,1.08499,3.61515,2061171071.4001322,104976.25,102811.32,0.239,247.53,-0.00999999999476131,0.0023899999999999998,-9.640615212737827e-06,bullish
2025-05-14 20:45:52,103740.0,103740.0,103740.01,5.45012,3.34898,2062143187.444491,104976.25,102811.32,0.264,272.85,-0.00999999999476131,0.00264,-9.639483318644023e-06,bullish
2025-05-14 20:45:54,103742.47,103747.99,103748.0,4.30432,2.76807,2062283339.282324,104976.25,102811.32,0.257,266.0,-0.00999999999476131,0.0025700000000000002,-9.639253812600867e-06,bullish
2025-05-14 20:45:56,103747.99,103769.59,103769.6,7.11923,0.20879,2062618520.9517443,104976.25,102811.32,0.262,271.51,-0.010000000009313226,0.00262,-9.638740961934035e-06,bullish
2025-05-14 20:45:58,103769.6,103761.9,103761.91,0.94041,1.69673,2063097862.8781042,104976.25,102811.32,0.283,293.12,-0.010000000009313226,0.0028299999999999996,-9.636733695912123e-06,bullish
2025-05-14 20:46:00,103761.9,103769.58,103769.59,5.52218,0.47774,2063014664.2903101,104976.25,102811.32,0.265,274.22,-0.00999999999476131,0.00265,-9.637448808051232e-06,bullish
2025-05-14 20:46:02,103755.01,103755.0,103755.01,8.31448,0.0437,2063099327.1388464,104976.25,102811.32,0.258,267.34,-0.00999999999476131,0.0025800000000000003,-9.63808879663865e-06,bullish
2025-05-14 20:46:04,103755.0,103755.0,103755.01,7.50242,2.99499,2063045450.9090557,104976.25,102811.32,0.254,262.95,-0.00999999999476131,0.00254,-9.638089725566297e-06,bullish
2025-05-14 20:46:06,103740.0,103723.83,103723.84,3.79093,2.20772,2064136809.6171236,104976.25,102811.32,0.252,261.21,-0.00999999999476131,0.00252,-9.639483318644023e-06,bullish
2025-05-14 20:46:08,103723.83,103723.83,103723.84,0.85692,2.41239,2064865099.947355,104976.25,102811.32,0.224,231.93,-0.00999999999476131,0.0022400000000000002,-9.640986063435288e-06,bullish
2025-05-14 20:46:10,103723.83,103723.83,103723.84,5.19811,0.39179,2064784480.1594322,104976.25,102811.32,0.237,245.04,-0.00999999999476131,0.0023699999999999997,-9.640986063435288e-06,bullish
2025-05-14 20:46:12,103727.77,103737.89,103737.9,6.4359,1.08997,2064807103.8399997,104976.25,102811.32,0.226,234.28,-0.00999999999476131,0.00226,-9.640619859813154e-06,bullish
2025-05-14 20:46:14,103737.89,103720.02,103720.03,1.61978,3.25117,2065160537.6740944,104976.25,102811.32,0.236,244.41,-0.00999999999476131,0.0023599999999999997,-9.639679383069494e-06,bullish
2025-05-14 20:46:16,103720.02,103720.02,103720.03,2.37242,2.43282,2065111816.039453,104976.25,102811.32,0.235,242.98,-0.00999999999476131,0.0023499999999999997,-9.641340210656833e-06,bullish
2025-05-14 20:46:18,103720.03,103720.02,103720.03,0.85828,2.97735,2065113295.6380913,104976.25,102811.32,0.235,242.98,-0.00999999999476131,0.0023499999999999997,-9.641339281102512e-06,bullish
2025-05-14 20:46:20,103693.07,103584.94,103584.95,0.00182,0.13854,2065169775.1877475,104976.25,102811.32,0.209,216.02,-0.00999999999476131,0.00209,-9.643846010887043e-06,bullish
2025-05-14 20:46:22,103539.0,103553.69,103553.7,4.73242,2.57087,2069194746.3020198,104976.25,102811.32,0.036,37.54,-0.00999999999476131,0.00035999999999999997,-9.658196423339331e-06,bullish
2025-05-14 20:46:24,103564.17,103558.99,103559.0,4.41784,0.11971,2069437302.3534112,104976.25,102811.32,0.061,62.72,-0.00999999999476131,0.00061,-9.655849117278023e-06,bullish
2025-05-14 20:46:26,103574.09,103576.43,103576.44,2.62519,0.72826,2069618527.6611996,104976.25,102811.32,0.066,67.93,-0.010000000009313226,0.00066,-9.654924324522886e-06,bullish
2025-05-14 20:46:28,103576.43,103590.25,103590.26,3.26707,2.5694,2070271897.5675032,104976.25,102811.32,0.082,85.32,-0.00999999999476131,0.00082,-9.654706186302532e-06,bullish
2025-05-14 20:46:30,103605.14,103615.96,103615.97,4.48831,3.40822,2070315334.3130896,104976.25,102811.32,0.121,125.13,-0.00999999999476131,0.00121,-9.652030772567183e-06,bullish
2025-05-14 20:46:32,103620.72,103648.16,103648.17,4.83627,2.49981,2070493540.397997,104976.25,102811.32,0.136,140.71,-0.00999999999476131,0.00136,-9.650579531546693e-06,bullish
2025-05-14 20:46:34,103648.16,103648.16,103648.17,4.55874,1.82741,2070540903.9035285,104976.25,102811.32,0.156,161.73,-0.00999999999476131,0.00156,-9.64802461979191e-06,bullish
2025-05-14 20:46:36,103668.89,103673.49,103673.5,0.24317,5.13998,2070703504.0340526,104976.25,102811.32,0.183,188.88,-0.00999999999476131,0.00183,-9.646095366470414e-06,bullish
2025-05-14 20:46:38,103673.49,103667.76,103667.77,4.08706,1.60612,2070761036.5112169,104976.25,102811.32,0.189,195.33,-0.010000000009313226,0.00189,-9.645667382580857e-06,bullish
2025-05-14 20:46:40,103674.53,103699.99,103700.0,5.42512,2.61557,2070684409.8394356,104976.25,102811.32,0.217,224.53,-0.00999999999476131,0.00217,-9.64557060906021e-06,bullish
2025-05-14 20:46:42,103720.73,103720.73,103720.74,7.26034,1.5288,2070117180.5341363,104976.25,102811.32,0.312,322.47,-0.010000000009313226,0.00312,-9.641274226775329e-06,bullish
2025-05-14 20:46:44,103720.74,103720.73,103720.74,2.77287,3.32565,2070180600.1593182,104976.25,102811.32,0.276,285.25,-0.010000000009313226,0.0027600000000000003,-9.64127329723373e-06,bullish
2025-05-14 20:46:46,103715.24,103715.24,103715.25,2.68381,2.74047,2070325877.4441211,104976.25,102811.32,0.266,275.24,-0.00999999999476131,0.00266,-9.641784558143344e-06,bullish
2025-05-14 20:46:48,103717.34,103719.99,103720.0,4.69034,0.18545,2069850363.8283782,104976.25,102811.32,0.264,272.97,-0.00999999999476131,0.00264,-9.641589337676141e-06,bullish
2025-05-14 20:46:51,103722.88,103722.88,103722.89,2.46321,4.11483,2069888957.5577888,104976.25,102811.32,0.266,275.42,-0.00999999999476131,0.00266,-9.641074365425748e-06,bullish
2025-05-14 20:46:52,103728.08,103751.11,103751.12,6.03701,1.30849,2069914303.9896119,104976.25,102811.32,0.271,280.62,-0.00999999999476131,0.00271,-9.640591048018348e-06,bullish
2025-05-14 20:46:54,103756.5,103740.0,103740.01,3.27415,3.75676,2070096141.6634862,104976.25,102811.32,0.299,309.04,-0.00999999999476131,0.00299,-9.637950388420302e-06,bullish
2025-05-14 20:46:57,103737.12,103730.08,103730.09,0.74837,6.88291,2070132530.854638,104976.25,102811.32,0.28,289.66,-0.00999999999476131,0.0028000000000000004,-9.639750934632956e-06,bullish
2025-05-14 20:46:59,103719.71,103715.25,103715.26,2.40255,5.83091,2070041407.8365722,104976.25,102811.32,0.232,239.71,-0.00999999999476131,0.00232,-9.641369026929704e-06,bullish
2025-05-14 20:47:01,103693.95,103671.74,103671.75,0.16169,3.72359,2070265935.2362053,104976.25,102811.32,0.207,213.95,-0.00999999999476131,0.00207,-9.64376416826759e-06,bullish
2025-05-14 20:47:03,103672.36,103672.36,103672.37,3.40441,2.66122,2070318063.4830894,104976.25,102811.32,0.186,192.37,-0.00999999999476131,0.0018599999999999999,-9.6457725036464e-06,bullish
2025-05-14 20:47:05,103668.37,103668.37,103668.38,3.69658,1.8146,2070324857.1094778,104976.25,102811.32,0.182,188.37,-0.010000000009313226,0.00182,-9.646143765271149e-06,bullish
2025-05-14 20:47:07,103688.62,103687.87,103687.88,0.0102,7.62785,2070349368.0459306,104976.25,102811.32,0.202,208.62,-0.010000000009313226,0.00202,-9.644259909441582e-06,bullish
2025-05-14 20:47:09,103684.75,103684.5,103684.51,3.36635,1.17022,2070392812.1817727,104976.25,102811.32,0.184,190.72,-0.00999999999476131,0.00184,-9.644619864311108e-06,bullish
2025-05-14 20:47:11,103692.75,103702.78,103702.79,9.84132,0.0019,2070440762.1894531,104976.25,102811.32,0.192,198.72,-0.00999999999476131,0.00192,-9.643875772183986e-06,bullish
2025-05-14 20:47:13,103716.55,103716.55,103716.56,4.9329,1.97492,2070551953.1032987,104976.25,102811.32,0.212,219.36,-0.00999999999476131,0.00212,-9.64166277682907e-06,bullish
2025-05-14 20:47:15,103717.67,103726.68,103726.69,4.7832,0.01015,2070445876.0032463,104976.25,102811.32,0.243,251.7,-0.010000000009313226,0.00243,-9.641558674923207e-06,bullish
2025-05-14 20:47:17,103733.68,103733.67,103733.68,1.40111,5.41194,2070375146.286854,104976.25,102811.32,0.265,273.67,-0.00999999999476131,0.00265,-9.640070606539083e-06,bullish
2025-05-14 20:47:19,103733.68,103746.03,103746.04,1.7207,3.26158,2070357632.7245786,104976.25,102811.32,0.277,286.14,-0.00999999999476131,0.0027700000000000003,-9.640070606539083e-06,bullish
2025-05-14 20:47:21,103743.61,103740.0,103740.01,1.03644,7.97364,2070454681.3091948,104976.25,102811.32,0.286,296.07,-0.00999999999476131,0.0028599999999999997,-9.63914789042073e-06,bullish
2025-05-14 20:47:23,103668.37,103668.37,103668.38,3.73164,2.96511,2070772706.524608,104976.25,102811.32,0.213,220.83,-0.010000000009313226,0.00213,-9.646143765271149e-06,bullish
2025-05-14 20:47:26,103666.9,103668.37,103668.38,4.90619,0.35633,2070800289.4152238,104976.25,102811.32,0.212,219.37,-0.010000000009313226,0.00212,-9.6462805479022e-06,bullish
2025-05-14 20:47:28,103674.63,103689.1,103689.11,4.59713,2.46239,2070933663.4765894,104976.25,102811.32,0.221,228.15,-0.00999999999476131,0.00221,-9.645561305365941e-06,bullish
2025-05-14 20:47:30,103698.86,103704.03,103704.04,4.60111,1.52317,2070964523.8709216,104976.25,102811.32,0.244,252.39,-0.00999999999476131,0.00244,-9.643307549148863e-06,bullish
2025-05-14 20:47:32,103704.03,103704.03,103704.04,3.27457,4.84825,2070994218.7136214,104976.25,102811.32,0.249,257.55,-0.00999999999476131,0.00249,-9.642826797339804e-06,bullish
2025-05-14 20:47:34,103685.02,103681.78,103681.79,0.00882,8.27071,2071029737.0494235,104976.25,102811.32,0.231,238.54,-0.00999999999476131,0.00231,-9.644594749329565e-06,bullish
2025-05-14 20:47:36,103681.78,103681.78,103681.79,3.63845,2.91258,2071049592.437494,104976.25,102811.32,0.234,241.77,-0.00999999999476131,0.00234,-9.644896137741183e-06,bullish
2025-05-14 20:47:38,103681.79,103687.71,103687.72,5.67596,0.17027,2071093746.1405747,104976.25,102811.32,0.234,241.78,-0.00999999999476131,0.00234,-9.644895207501059e-06,bullish
2025-05-14 20:47:40,103691.59,103691.59,103691.6,3.16973,3.5292,2071106532.3960228,104976.25,102811.32,0.253,261.92,-0.010000000009313226,0.00253,-9.643983672459092e-06,bullish
2025-05-14 20:47:42,103691.59,103691.59,103691.6,0.89884,6.24195,2071102029.077846,104976.25,102811.32,0.253,261.92,-0.010000000009313226,0.00253,-9.643983672459092e-06,bullish
2025-05-14 20:47:45,103682.53,103682.53,103682.54,2.83477,6.22702,2071182082.1464756,104976.25,102811.32,0.244,252.86,-0.00999999999476131,0.00244,-9.644826370229691e-06,bullish
2025-05-14 20:47:47,103669.25,103651.42,103651.43,2.70342,4.79409,2071215245.7906487,104976.25,102811.32,0.232,239.58,-0.00999999999476131,0.00232,-9.646061869610623e-06,bullish
2025-05-14 20:47:49,103670.14,103670.13,103670.14,4.35556,1.02184,2071325702.9602945,104976.25,102811.32,0.217,224.95,-0.00999999999476131,0.00217,-9.645979058927972e-06,bullish
2025-05-14 20:47:51,103670.13,103675.31,103675.32,0.91847,4.44009,2071289311.3947773,104976.25,102811.32,0.217,224.95,-0.010000000009313226,0.00217,-9.64598000341393e-06,bullish
2025-05-14 20:47:53,103675.32,103670.13,103670.14,0.85355,6.69708,2071387089.1992056,104976.25,102811.32,0.222,230.15,-0.00999999999476131,0.00222,-9.645497110364655e-06,bullish
2025-05-14 20:47:55,103651.42,103643.13,103643.14,0.01322,9.20647,2071994727.5070922,104976.25,102811.32,0.185,191.43,-0.00999999999476131,0.00185,-9.647721174260142e-06,bullish
2025-05-14 20:47:57,103642.28,103636.02,103636.03,1.39994,3.42151,2072051698.2939188,104976.25,102811.32,0.176,182.29,-0.00999999999476131,0.0017599999999999998,-9.648571986993446e-06,bullish
2025-05-14 20:47:59,103634.89,103624.54,103624.55,0.01558,8.19221,2072094688.27472,104976.25,102811.32,0.169,174.9,-0.010000000009313226,0.00169,-9.649260021710088e-06,bullish
2025-05-14 20:48:01,103624.55,103604.33,103604.34,2.62894,2.61202,2072071852.3579535,104976.25,102811.32,0.159,164.56,-0.00999999999476131,0.00159,-9.65022284271566e-06,bullish
2025-05-14 20:48:03,103614.69,103614.69,103614.7,0.56516,4.7622,2072061294.2135527,104976.25,102811.32,0.119,122.95,-0.00999999999476131,0.0011899999999999999,-9.651141160352177e-06,bullish
2025-05-14 20:48:05,103608.86,103608.86,103608.87,3.51885,1.60133,2072080425.809302,104976.25,102811.32,0.113,117.11,-0.00999999999476131,0.00113,-9.651684223493349e-06,bullish
2025-05-14 20:48:07,103622.0,103621.99,103622.0,0.20898,3.45169,2072094725.830097,104976.25,102811.32,0.126,130.26,-0.00999999999476131,0.00126,-9.65046032190202e-06,bullish
2025-05-14 20:48:09,103623.28,103623.28,103623.29,5.82826,1.06549,2072109420.185675,104976.25,102811.32,0.127,131.53,-0.00999999999476131,0.00127,-9.650341115202405e-06,bullish
2025-05-14 20:48:11,103623.28,103623.28,103623.29,3.30578,2.24833,2072115529.8841403,104976.25,102811.32,0.127,131.53,-0.00999999999476131,0.00127,-9.650341115202405e-06,bullish
2025-05-14 20:48:14,103608.86,103604.6,103604.61,0.18674,8.49859,2071910588.2575586,104976.25,102811.32,0.15,155.17,-0.00999999999476131,0.0015,-9.651684223493349e-06,bullish
2025-05-14 20:48:16,103600.0,103600.0,103600.01,0.19198,7.45645,2071931104.968405,104976.25,102811.32,0.141,146.31,-0.00999999999476131,0.0014099999999999998,-9.652509647453004e-06,bullish
2025-05-14 20:48:18,103600.0,103580.0,103580.01,0.02182,0.42546,2071925034.9478605,104976.25,102811.32,0.141,146.32,-0.00999999999476131,0.0014099999999999998,-9.652509647453004e-06,bullish
2025-05-14 20:48:20,103560.89,103569.64,103569.65,4.01423,0.36526,2071986402.7035053,104976.25,102811.32,0.107,110.88,-0.00999999999476131,0.00107,-9.656154939148661e-06,bullish
2025-05-14 20:48:22,103579.15,103569.91,103569.92,2.48016,2.08502,2072095801.3004208,104976.25,102811.32,0.128,132.71,-0.00999999999476131,0.00128,-9.654452652644196e-06,bullish
2025-05-14 20:48:24,103551.03,103551.03,103551.04,2.82326,1.10896,2072131528.9767013,104976.25,102811.32,0.082,85.28,-0.00999999999476131,0.00082,-9.657074386185546e-06,bullish
2025-05-14 20:48:26,103551.03,103569.83,103569.84,3.52203,0.9138,2072082620.4256804,104976.25,102811.32,0.066,68.4,-0.00999999999476131,0.00066,-9.657074386185546e-06,bullish
2025-05-14 20:48:28,103579.88,103584.48,103584.49,3.17153,2.02248,2072206353.8127277,104976.25,102811.32,0.094,97.24,-0.010000000009313226,0.00094,-9.654384624999784e-06,bullish
2025-05-14 20:48:30,103584.48,103584.48,103584.49,2.10844,1.2287,2072132299.5917232,104976.25,102811.32,0.093,96.68,-0.010000000009313226,0.0009299999999999999,-9.653955891184881e-06,bullish
2025-05-14 20:48:32,103587.88,103588.07,103588.08,0.18745,4.04549,2072111869.5739858,104976.25,102811.32,0.085,87.89,-0.00999999999476131,0.0008500000000000001,-9.653639011399122e-06,bullish
2025-05-14 20:48:34,103559.36,103559.36,103559.37,2.69377,2.67121,2072122832.6758497,104976.25,102811.32,0.053,55.36,-0.00999999999476131,0.00053,-9.656297600488561e-06,bullish
2025-05-14 20:48:36,103559.37,103567.32,103567.33,2.85369,1.8978,2072133775.759255,104976.25,102811.32,0.054,55.38,-0.00999999999476131,0.00054,-9.656296668047816e-06,bullish
2025-05-14 20:48:38,103567.32,103567.32,103567.33,2.65325,0.90755,2072146473.5868025,104976.25,102811.32,0.061,63.33,-0.00999999999476131,0.00061,-9.655555434630643e-06,bullish
2025-05-14 20:48:40,103573.52,103573.52,103573.53,2.81408,1.03887,2072177258.3783529,104976.25,102811.32,0.067,69.53,-0.00999999999476131,0.00067,-9.654977444776725e-06,bullish
2025-05-14 20:48:42,103573.52,103577.87,103577.88,4.12034,0.00731,2072252975.9856827,104976.25,102811.32,0.071,73.52,-0.010000000009313226,0.0007099999999999999,-9.654977458826567e-06,bullish
2025-05-14 20:48:44,103584.76,103584.75,103584.76,4.00829,1.27702,2072516677.412313,104976.25,102811.32,0.082,84.76,-0.00999999999476131,0.00082,-9.653929781525112e-06,bullish
2025-05-14 20:48:46,103586.12,103592.34,103592.35,1.74804,2.00293,2072491372.7384243,104976.25,102811.32,0.088,91.3,-0.010000000009313226,0.0008799999999999999,-9.65380304746739e-06,bullish
2025-05-14 20:48:48,103592.34,103582.15,103582.16,2.42889,1.63753,2072521565.038559,104976.25,102811.32,0.094,97.51,-0.010000000009313226,0.00094,-9.653223403693001e-06,bullish
2025-05-14 20:48:50,103582.15,103597.19,103597.2,5.19733,1.31488,2073144543.3060844,104976.25,102811.32,0.084,87.33,-0.00999999999476131,0.00084,-9.65417303537464e-06,bullish
2025-05-14 20:48:52,103602.55,103610.48,103610.49,0.06871,4.87564,2073191034.6386452,104976.25,102811.32,0.101,104.29,-0.010000000009313226,0.00101,-9.652272081443193e-06,bullish
2025-05-14 20:48:54,103610.48,103609.75,103609.76,2.21485,2.99183,2073089723.0218582,104976.25,102811.32,0.108,112.22,-0.00999999999476131,0.00108,-9.651533314739311e-06,bullish
2025-05-14 20:48:56,103609.75,103600.12,103600.13,2.67539,0.13201,2073112781.589707,104976.25,102811.32,0.108,111.49,-0.010000000009313226,0.00108,-9.651601330292975e-06,bullish
2025-05-14 20:48:58,103612.04,103612.04,103612.05,0.01043,4.92968,2072957301.6258242,104976.25,102811.32,0.143,148.07,-0.010000000009313226,0.0014299999999999998,-9.651388013703066e-06,bullish
2025-05-14 20:49:00,103600.12,103604.1,103604.11,2.01702,3.72897,2072960901.072519,104976.25,102811.32,0.125,129.06,-0.00999999999476131,0.00125,-9.652498466952847e-06,bullish
2025-05-14 20:49:03,103584.07,103551.04,103551.05,2.52321,5.03345,2073285368.5371935,104976.25,102811.32,0.109,113.01,-0.010000000009313226,0.00109,-9.653994102870476e-06,bullish
2025-05-14 20:49:05,103504.44,103514.79,103514.8,3.1997,1.53556,2073473910.3747897,104976.25,102811.32,0.002,2.54,-0.010000000009313226,2e-05,-9.661421296818982e-06,bullish
2025-05-14 20:49:07,103514.8,103514.79,103514.8,2.57949,2.23581,2073534637.9021373,104976.25,102811.32,0.012,12.91,-0.010000000009313226,0.00012,-9.660454359486012e-06,bullish
2025-05-14 20:49:09,103514.79,103505.8,103505.81,0.062,5.49948,2073532458.4170327,104976.25,102811.32,0.009,9.8,-0.00999999999476131,8.999999999999999e-05,-9.660455278672073e-06,bullish
2025-05-14 20:49:11,103500.01,103505.8,103505.81,6.15883,0.91274,2073786690.5003128,104976.25,102811.32,-0.005,-4.97,-0.00999999999476131,-5e-05,-9.661834810220125e-06,bearish
2025-05-14 20:49:13,103505.8,103505.8,103505.81,1.42608,3.53275,2073805209.7636988,104976.25,102811.32,-0.012,-12.7,-0.00999999999476131,-0.00012,-9.661294337864458e-06,bearish
2025-05-14 20:49:15,103500.0,103496.28,103496.29,0.00022,0.1437,2073038656.3991635,104976.25,102811.32,-0.013,-13.32,-0.00999999999476131,-0.00013,-9.661835743730734e-06,bearish
2025-05-14 20:49:18,103492.07,103493.12,103493.13,5.15689,0.96331,2073191381.6021907,104976.25,102811.32,-0.031,-31.73,-0.010000000009313226,-0.00031,-9.662576088499558e-06,bearish
2025-05-14 20:49:20,103499.99,103519.99,103520.0,6.22932,1.04397,2073183881.124548,104976.25,102811.32,0.005,4.67,-0.00999999999476131,5e-05,-9.661836677241525e-06,bullish
2025-05-14 20:49:22,103531.5,103531.49,103531.5,3.98202,1.02117,2072925262.314608,104976.25,102811.32,0.063,65.22,-0.00999999999476131,0.00063,-9.658896079706475e-06,bullish
2025-05-14 20:49:24,103541.54,103544.71,103544.72,2.52886,4.08586,2072937471.2210267,104976.25,102811.32,0.073,75.26,-0.00999999999476131,0.00073,-9.657959496025761e-06,bullish
2025-05-14 20:49:26,103525.27,103539.01,103539.02,5.97571,0.79525,2073136196.2676604,104976.25,102811.32,0.057,58.99,-0.010000000009313226,0.00057,-9.659477352064115e-06,bullish
2025-05-14 20:49:28,103539.01,103526.27,103526.28,0.17037,8.55916,2073330659.7062373,104976.25,102811.32,0.078,80.52,-0.00999999999476131,0.00078,-9.65819549053184e-06,bullish
2025-05-14 20:49:30,103510.59,103555.55,103555.56,5.68771,0.23141,2073390724.7024174,104976.25,102811.32,0.041,42.6,-0.00999999999476131,0.00041,-9.660847257040377e-06,bullish
2025-05-14 20:49:32,103571.42,103579.91,103579.92,3.49749,2.2152,2073895179.9239068,104976.25,102811.32,0.098,101.17,-0.00999999999476131,0.00098,-9.655173207783875e-06,bullish
2025-05-14 20:49:34,103598.7,103611.61,103611.62,4.08009,1.49899,2073934946.2727182,104976.25,102811.32,0.119,122.91,-0.00999999999476131,0.0011899999999999999,-9.652630771198201e-06,bullish
2025-05-14 20:49:36,103586.31,103599.99,103600.0,5.51716,0.97907,2074003501.866617,104976.25,102811.32,0.107,110.52,-0.00999999999476131,0.00107,-9.653785326228254e-06,bullish
2025-05-14 20:49:38,103603.67,103603.67,103603.68,5.10774,0.12038,2074075582.1118648,104976.25,102811.32,0.124,127.89,-0.00999999999476131,0.00124,-9.652167722206473e-06,bullish
2025-05-14 20:49:40,103610.35,103610.35,103610.36,2.03576,5.09447,2074350955.1140132,104976.25,102811.32,0.114,118.43,-0.00999999999476131,0.00114,-9.651545424526903e-06,bullish
2025-05-14 20:49:42,103610.35,103610.35,103610.36,3.80053,0.17727,2074314869.3777115,104976.25,102811.32,0.109,113.3,-0.00999999999476131,0.00109,-9.651545424526903e-06,bullish
2025-05-14 20:49:44,103610.36,103610.35,103610.36,2.77713,3.16289,2074308398.789454,104976.25,102811.32,0.109,113.32,-0.00999999999476131,0.00109,-9.651544493003702e-06,bullish
2025-05-14 20:49:46,103610.35,103610.35,103610.36,1.76516,4.79284,2074310306.1001072,104976.25,102811.32,0.109,113.3,-0.00999999999476131,0.00109,-9.651545424526903e-06,bullish
2025-05-14 20:49:48,103595.79,103609.99,103610.0,5.67733,0.18366,2074487237.8051748,104976.25,102811.32,0.095,98.75,-0.00999999999476131,0.00095,-9.652901913061632e-06,bullish
2025-05-14 20:49:50,103619.05,103627.1,103627.11,5.40222,1.10134,2074787016.8718777,104976.25,102811.32,0.118,122.0,-0.00999999999476131,0.0011799999999999998,-9.650735067307904e-06,bullish
2025-05-14 20:49:52,103627.1,103627.1,103627.11,4.96139,0.81264,2074879845.3332725,104976.25,102811.32,0.126,130.06,-0.00999999999476131,0.00126,-9.64998537521682e-06,bullish
2025-05-14 20:49:54,103627.11,103627.1,103627.11,3.73506,1.04129,2075003273.4833703,104976.25,102811.32,0.126,130.07,-0.00999999999476131,0.00126,-9.649984443994732e-06,bullish
2025-05-14 20:49:56,103627.11,103627.1,103627.11,4.80801,1.06722,2075005478.9910443,104976.25,102811.32,0.126,130.07,-0.00999999999476131,0.00126,-9.649984443994732e-06,bullish
2025-05-14 20:49:58,103627.11,103619.04,103619.05,1.12917,9.7862,2074943633.9539766,104976.25,102811.32,0.13,135.04,-0.010000000009313226,0.0013,-9.649984458037309e-06,bullish
2025-05-14 20:50:00,103619.04,103625.07,103625.08,5.63072,0.04842,2075261208.8030152,104976.25,102811.32,0.123,126.96,-0.00999999999476131,0.00123,-9.650735998674869e-06,bullish
2025-05-14 20:50:02,103600.01,103591.6,103591.61,2.08525,4.66458,2075387262.3414993,104976.25,102811.32,0.08,82.56,-0.00999999999476131,0.0008,-9.652508715743667e-06,bullish
2025-05-14 20:50:04,103615.14,103615.13,103615.14,0.9863,5.21478,2075555771.3129206,104976.25,102811.32,0.094,97.69,-0.00999999999476131,0.00094,-9.651099245497628e-06,bullish
2025-05-14 20:50:06,103615.14,103627.1,103627.11,1.03584,5.22181,2075588536.675158,104976.25,102811.32,0.094,97.68,-0.00999999999476131,0.00094,-9.651099245497628e-06,bullish
2025-05-14 20:50:08,103627.1,103623.34,103623.35,0.91691,7.6116,2075728947.5286417,104976.25,102811.32,0.106,109.64,-0.010000000009313226,0.00106,-9.649985389259396e-06,bullish
2025-05-14 20:50:10,103623.34,103601.25,103601.26,0.85519,6.10867,2075648781.6874628,104976.25,102811.32,0.077,79.51,-0.00999999999476131,0.00077,-9.650335527460619e-06,bullish
2025-05-14 20:50:12,103601.25,103601.25,103601.26,3.33016,0.93709,2075838546.9032736,104976.25,102811.32,0.05,51.85,-0.00999999999476131,0.0005,-9.652393185180015e-06,bullish
2025-05-14 20:50:14,103601.25,103588.17,103588.18,6e-05,0.20958,2075842988.3231492,104976.25,102811.32,0.05,51.86,-0.00999999999476131,0.0005,-9.652393185180015e-06,bullish
2025-05-14 20:50:16,103588.17,103582.27,103582.28,3.0716,1.13199,2075871000.7754874,104976.25,102811.32,0.037,38.78,-0.00999999999476131,0.00037,-9.653611985578383e-06,bullish
2025-05-14 20:50:18,103584.4,103599.98,103599.99,0.0099,3.8482,2075875397.9361389,104976.25,102811.32,0.034,35.0,-0.010000000009313226,0.00034,-9.653963347099782e-06,bullish
2025-05-14 20:50:20,103587.3,103587.3,103587.31,3.66346,1.28931,2075900821.7482674,104976.25,102811.32,0.026,27.31,-0.00999999999476131,0.00026,-9.65369306349457e-06,bullish
2025-05-14 20:50:22,103595.26,103588.32,103588.33,3.68877,3.14165,2075999207.7072299,104976.25,102811.32,0.023,24.22,-0.00999999999476131,0.00023,-9.652951297927446e-06,bullish
2025-05-14 20:50:24,103587.91,103587.9,103587.91,0.00893,7.46628,2076358197.436274,104976.25,102811.32,0.011,11.37,-0.010000000009313226,0.00010999999999999999,-9.653636229665437e-06,bullish
2025-05-14 20:50:26,103579.01,103549.6,103549.61,2.83703,4.24983,2076757391.29625,104976.25,102811.32,0.002,2.47,-0.00999999999476131,2e-05,-9.654465701845684e-06,bullish
2025-05-14 20:50:28,103553.5,103553.53,103553.54,4.16097,0.21706,2076916209.6197348,104976.25,102811.32,-0.022,-23.05,-0.00999999999476131,-0.00021999999999999998,-9.656844041738146e-06,bearish
2025-05-14 20:50:30,103555.01,103587.99,103588.0,6.16598,5.90975,2076797987.9403865,104976.25,102811.32,-0.023,-24.3,-0.00999999999476131,-0.00023,-9.656703229289739e-06,bearish
2025-05-14 20:50:32,103619.04,103619.04,103619.05,2.94974,3.70137,2077276175.8523653,104976.25,102811.32,0.006,6.41,-0.010000000009313226,6e-05,-9.650736012718538e-06,bullish
2025-05-14 20:50:35,103619.04,103608.1,103608.11,1.11865,5.34104,2077281395.5194619,104976.25,102811.32,0.006,6.42,-0.00999999999476131,6e-05,-9.650735998674869e-06,bullish
2025-05-14 20:50:37,103608.1,103608.1,103608.11,0.96502,3.96961,2077318141.6416452,104976.25,102811.32,-0.004,-4.53,-0.00999999999476131,-4e-05,-9.651755021819057e-06,bearish
2025-05-14 20:50:39,103601.17,103601.16,103601.17,1.30905,2.85129,2077257982.01192,104976.25,102811.32,-0.022,-22.44,-0.00999999999476131,-0.00021999999999999998,-9.652400638681312e-06,bearish
2025-05-14 20:50:41,103611.68,103627.46,103627.47,4.38583,1.02421,2077228188.5378358,104976.25,102811.32,-0.021,-22.06,-0.00999999999476131,-0.00021,-9.651421533519495e-06,bearish
2025-05-14 20:50:43,103641.81,103633.27,103633.28,0.00235,4.41841,2077042814.2818105,104976.25,102811.32,-0.023,-24.03,-0.00999999999476131,-0.00023,-9.648615741814342e-06,bearish
2025-05-14 20:50:45,103629.15,103629.15,103629.16,2.52681,5.48613,2077092854.7003026,104976.25,102811.32,-0.049,-51.32,-0.010000000009313226,-0.00049,-9.64979449248906e-06,bearish
2025-05-14 20:50:47,103634.49,103633.76,103633.77,2.70302,2.39283,2077084607.6290472,104976.25,102811.32,-0.058,-59.96,-0.010000000009313226,-0.00058,-9.649297265141388e-06,bearish
2025-05-14 20:50:49,103633.76,103629.15,103629.16,0.01804,8.00716,2077062583.8983002,104976.25,102811.32,-0.052,-54.38,-0.010000000009313226,-0.00052,-9.649365235144634e-06,bearish
2025-05-14 20:50:51,103633.76,103648.21,103648.22,6.19228,1.63934,2077151003.5231247,104976.25,102811.32,-0.052,-54.38,-0.00999999999476131,-0.00052,-9.64936522110296e-06,bearish
2025-05-14 20:50:53,103650.79,103650.79,103650.8,0.73033,3.72142,2077220329.0913818,104976.25,102811.32,-0.036,-37.35,-0.010000000009313226,-0.00035999999999999997,-9.647779828125985e-06,bearish
2025-05-14 20:50:55,103650.8,103650.79,103650.8,2.81826,1.65638,2077219360.4082136,104976.25,102811.32,-0.036,-37.33,-0.010000000009313226,-0.00035999999999999997,-9.647778897329519e-06,bearish
2025-05-14 20:50:57,103650.79,103650.79,103650.8,2.99115,1.64547,2077179731.3241885,104976.25,102811.32,-0.044,-45.74,-0.010000000009313226,-0.00043999999999999996,-9.647779828125985e-06,bearish
2025-05-14 20:50:59,103650.79,103650.79,103650.8,3.40165,1.64636,2077102770.4653647,104976.25,102811.32,-0.047,-49.21,-0.010000000009313226,-0.00047,-9.647779828125985e-06,bearish
2025-05-14 20:51:01,103662.48,103682.39,103682.4,3.24828,0.8874,2077190726.346611,104976.25,102811.32,-0.036,-37.51,-0.00999999999476131,-0.00035999999999999997,-9.646691835620092e-06,bearish
2025-05-14 20:51:03,103697.45,103706.46,103706.47,7.73761,1.03325,2077280752.8978863,104976.25,102811.32,-0.002,-2.54,-0.00999999999476131,-2e-05,-9.6434386715983e-06,bearish
2025-05-14 20:51:05,103707.76,103705.0,103705.01,0.01992,8.4144,2077293968.407295,104976.25,102811.32,-0.006,-6.53,-0.00999999999476131,-6e-05,-9.642479979088654e-06,bearish
2025-05-14 20:51:07,103694.29,103687.14,103687.15,0.22675,6.46469,2077341031.72471,104976.25,102811.32,-0.031,-32.1,-0.00999999999476131,-0.00031,-9.643732547627561e-06,bearish
2025-05-14 20:51:09,103682.22,103687.49,103687.5,5.58426,1.12129,2077307181.9900465,104976.25,102811.32,-0.039,-40.0,-0.00999999999476131,-0.00039,-9.644855207345397e-06,bearish
2025-05-14 20:51:11,103687.49,103697.32,103697.33,3.84491,1.06584,2077317631.8501706,104976.25,102811.32,-0.028,-29.53,-0.00999999999476131,-0.00028000000000000003,-9.64436499982911e-06,bearish
2025-05-14 20:51:13,103704.66,103707.31,103707.32,2.90263,1.02335,2077278836.4548168,104976.25,102811.32,0.032,32.88,-0.010000000009313226,0.00032,-9.642768231739272e-06,bullish
2025-05-14 20:51:15,103697.34,103702.36,103702.37,6.95979,1.35757,2077300297.5616128,104976.25,102811.32,0.025,25.57,-0.00999999999476131,0.00025,-9.64344890115919e-06,bullish
2025-05-14 20:51:17,103706.66,103709.98,103709.99,6.12941,0.2847,2077240052.8059795,104976.25,102811.32,0.034,34.89,-0.010000000009313226,0.00034,-9.64258226936749e-06,bullish
2025-05-14 20:51:19,103709.99,103729.88,103729.89,0.30653,3.40169,2076978704.456712,104976.25,102811.32,0.075,77.82,-0.00999999999476131,0.00075,-9.642272643899889e-06,bullish
2025-05-14 20:51:21,103729.88,103729.88,103729.89,2.71879,1.60217,2076908933.7621582,104976.25,102811.32,0.1,103.53,-0.00999999999476131,0.001,-9.64042375712891e-06,bullish
2025-05-14 20:51:23,103729.89,103729.88,103729.89,1.53693,3.28283,2076949339.3065662,104976.25,102811.32,0.1,103.54,-0.00999999999476131,0.001,-9.640422827751298e-06,bullish
2025-05-14 20:51:25,103729.88,103714.28,103714.29,2.01338,7.85117,2076946641.2079008,104976.25,102811.32,0.1,103.54,-0.00999999999476131,0.001,-9.64042375712891e-06,bullish
2025-05-14 20:51:27,103714.29,103714.28,103714.29,3.14307,4.12963,2076857439.030475,104976.25,102811.32,0.058,60.08,-0.00999999999476131,0.00058,-9.641872874761338e-06,bullish
2025-05-14 20:51:29,103719.52,103719.51,103719.52,7.30086,1.40729,2077003193.8480914,104976.25,102811.32,0.074,76.7,-0.010000000009313226,0.00074,-9.641386702631506e-06,bullish
2025-05-14 20:51:31,103719.51,103719.51,103719.52,6.72516,1.4075,2076962838.8641353,104976.25,102811.32,0.078,80.48,-0.010000000009313226,0.00078,-9.641387632194971e-06,bullish
2025-05-14 20:51:33,103729.5,103729.49,103729.5,4.39728,2.76987,2077093776.576778,104976.25,102811.32,0.087,90.48,-0.00999999999476131,0.0008699999999999999,-9.640459073610988e-06,bullish
2025-05-14 20:51:35,103729.5,103729.49,103729.5,4.47787,0.01822,2077097950.8997557,104976.25,102811.32,0.087,90.48,-0.00999999999476131,0.0008699999999999999,-9.640459073610988e-06,bullish
2025-05-14 20:51:38,103670.42,103680.81,103680.82,4.48949,0.74134,2079983297.5437257,104976.25,102811.32,0.047,48.75,-0.010000000009313226,0.00047,-9.64595302045967e-06,bullish
2025-05-14 20:51:39,103688.59,103691.36,103691.37,7.71054,0.17046,2080086794.5716732,104976.25,102811.32,0.065,66.93,-0.00999999999476131,0.00065,-9.644262685760613e-06,bullish
2025-05-14 20:51:42,103703.09,103703.08,103703.09,5.52794,0.97603,2080160289.9493518,104976.25,102811.32,0.079,81.43,-0.00999999999476131,0.00079,-9.642914203194246e-06,bullish
2025-05-14 20:51:44,103711.76,103711.75,103711.76,3.79628,1.05352,2080156318.107209,104976.25,102811.32,0.071,73.14,-0.00999999999476131,0.0007099999999999999,-9.642108083751844e-06,bullish
2025-05-14 20:51:46,103711.75,103720.15,103720.16,6.84448,0.86083,2080162489.7279558,104976.25,102811.32,0.063,65.4,-0.010000000009313226,0.00063,-9.642109027485531e-06,bullish
2025-05-14 20:51:48,103720.15,103720.15,103720.16,4.31779,1.17843,2080122816.393155,104976.25,102811.32,0.055,57.16,-0.010000000009313226,0.00055,-9.641328140494616e-06,bullish
2025-05-14 20:51:50,103731.12,103726.47,103726.48,3.45914,3.04173,2080243753.1504135,104976.25,102811.32,0.076,78.5,-0.00999999999476131,0.0007599999999999999,-9.640308515671393e-06,bullish
2025-05-14 20:51:52,103746.03,103746.03,103746.04,2.34393,3.56675,2081041267.9877858,104976.25,102811.32,0.09,93.41,-0.00999999999476131,0.0009,-9.638923045789137e-06,bullish
2025-05-14 20:51:54,103746.04,103746.03,103746.04,3.70457,2.81245,2081132931.855906,104976.25,102811.32,0.09,93.43,-0.00999999999476131,0.0009,-9.63892211670085e-06,bullish
2025-05-14 20:51:56,103746.03,103746.03,103746.04,1.39189,4.24174,2081129769.185737,104976.25,102811.32,0.09,93.42,-0.00999999999476131,0.0009,-9.638923045789137e-06,bullish
2025-05-14 20:51:58,103746.03,103746.03,103746.04,1.39472,4.33271,2081116697.3271573,104976.25,102811.32,0.09,93.42,-0.00999999999476131,0.0009,-9.638923045789137e-06,bullish
2025-05-14 20:52:00,103746.03,103746.03,103746.04,0.84505,5.22329,2081153972.1883674,104976.25,102811.32,0.09,93.42,-0.00999999999476131,0.0009,-9.638923045789137e-06,bullish
2025-05-14 20:52:02,103746.03,103770.32,103770.33,3.46739,4.07452,2081264823.876305,104976.25,102811.32,0.09,93.42,-0.00999999999476131,0.0009,-9.638923045789137e-06,bullish
2025-05-14 20:52:04,103772.3,103777.77,103777.78,5.97768,0.67417,2081325191.746178,104976.25,102811.32,0.115,119.69,-0.00999999999476131,0.00115,-9.636482948495225e-06,bullish
2025-05-14 20:52:06,103791.08,103791.07,103791.08,2.41258,6.37163,2081523074.5494902,104976.25,102811.32,0.134,138.47,-0.00999999999476131,0.00134,-9.634739319372446e-06,bullish
2025-05-14 20:52:08,103785.88,103789.92,103789.93,8.15938,0.01121,2081618545.8860636,104976.25,102811.32,0.129,133.26,-0.00999999999476131,0.0012900000000000001,-9.635222050206937e-06,bullish
2025-05-14 20:52:10,103789.95,103797.13,103797.14,6.00002,1.06341,2081370818.3373995,104976.25,102811.32,0.151,156.39,-0.00999999999476131,0.00151,-9.634844216382522e-06,bullish
2025-05-14 20:52:12,103797.13,103797.13,103797.14,1.01865,5.62806,2081368006.8268168,104976.25,102811.32,0.153,158.44,-0.00999999999476131,0.00153,-9.634177741486022e-06,bullish
2025-05-14 20:52:14,103789.97,103789.96,103789.97,4.4637,0.18988,2081395482.4706857,104976.25,102811.32,0.143,148.01,-0.00999999999476131,0.0014299999999999998,-9.634842359778416e-06,bullish
2025-05-14 20:52:16,103796.12,103796.11,103796.12,5.03832,1.03362,2081437697.4095051,104976.25,102811.32,0.145,150.13,-0.00999999999476131,0.00145,-9.634271487952836e-06,bullish
2025-05-14 20:52:18,103796.11,103812.49,103812.5,6.42352,0.00573,2081483814.7517076,104976.25,102811.32,0.145,150.12,-0.00999999999476131,0.00145,-9.634272416144795e-06,bullish
2025-05-14 20:52:20,103823.37,103837.24,103837.25,5.20471,1.79499,2081715834.5213733,104976.25,102811.32,0.171,177.38,-0.00999999999476131,0.0017100000000000001,-9.63174282896164e-06,bullish
2025-05-14 20:52:22,103837.25,103837.24,103837.25,3.619,3.72643,2081658559.181891,104976.25,102811.32,0.185,191.26,-0.00999999999476131,0.00185,-9.630455346960085e-06,bullish
2025-05-14 20:52:24,103840.0,103839.99,103840.0,4.3384,2.67832,2081650745.647915,104976.25,102811.32,0.188,194.5,-0.00999999999476131,0.00188,-9.630200303121446e-06,bullish
2025-05-14 20:52:26,103846.17,103847.09,103847.1,4.887,1.07456,2081622248.7439072,104976.25,102811.32,0.21,217.19,-0.010000000009313226,0.0021,-9.629628140655765e-06,bullish
2025-05-14 20:52:28,103847.1,103827.63,103827.64,5.20994,1.3021,2081634774.287119,104976.25,102811.32,0.21,218.12,-0.00999999999476131,0.0021,-9.629541888758866e-06,bullish
2025-05-14 20:52:30,103827.64,103838.01,103838.02,3.61273,3.56248,2081869563.6598866,104976.25,102811.32,0.201,208.6,-0.010000000009313226,0.00201,-9.631346729361493e-06,bullish
2025-05-14 20:52:32,103838.01,103838.01,103838.02,3.80359,4.28773,2081888122.743442,104976.25,102811.32,0.202,209.03,-0.010000000009313226,0.00202,-9.630384874780657e-06,bullish
2025-05-14 20:52:34,103833.22,103833.21,103833.22,2.74223,5.38903,2081891285.5735486,104976.25,102811.32,0.191,198.22,-0.00999999999476131,0.00191,-9.630829126517805e-06,bullish
2025-05-14 20:52:36,103839.2,103853.72,103853.73,7.57052,0.96744,2081920424.728282,104976.25,102811.32,0.199,206.19,-0.00999999999476131,0.00199,-9.630274496299384e-06,bullish
2025-05-14 20:52:38,103853.73,103873.01,103873.02,8.31376,1.10994,2081938277.7624376,104976.25,102811.32,0.217,224.74,-0.010000000009313226,0.00217,-9.628927154867934e-06,bullish
2025-05-14 20:52:40,103873.01,103873.01,103873.02,8.78737,0.23827,2081877648.0603216,104976.25,102811.32,0.23,238.45,-0.010000000009313226,0.0023,-9.627139917590937e-06,bullish
2025-05-14 20:52:42,103879.99,103890.45,103890.46,5.15038,3.9043,2081904841.052533,104976.25,102811.32,0.237,245.44,-0.010000000009313226,0.0023699999999999997,-9.626493041935435e-06,bullish
2025-05-14 20:52:44,103890.45,103870.35,103870.36,1.47629,7.73343,2081940046.8989508,104976.25,102811.32,0.247,255.89,-0.00999999999476131,0.00247,-9.625523803931267e-06,bullish
2025-05-14 20:52:46,103870.35,103854.9,103854.91,0.18137,6.66289,2081967216.0853512,104976.25,102811.32,0.228,235.79,-0.010000000009313226,0.00228,-9.62738645755331e-06,bullish
2025-05-14 20:52:49,103845.51,103845.51,103845.52,5.11326,0.92538,2081838107.8263402,104976.25,102811.32,0.158,163.7,-0.010000000009313226,0.00158,-9.629689342671846e-06,bullish
2025-05-14 20:52:51,103854.9,103854.9,103854.91,6.21428,3.54734,2081787333.13236,104976.25,102811.32,0.166,172.56,-0.010000000009313226,0.00166,-9.628818678091478e-06,bullish
2025-05-14 20:52:53,103859.91,103859.91,103859.92,6.07083,2.11112,2081800631.097153,104976.25,102811.32,0.171,177.56,-0.00999999999476131,0.0017100000000000001,-9.628354188600115e-06,bullish
2025-05-14 20:52:55,103859.91,103859.91,103859.92,0.88452,6.5942,2081801742.6645644,104976.25,102811.32,0.171,177.57,-0.00999999999476131,0.0017100000000000001,-9.628354188600115e-06,bullish
2025-05-14 20:52:57,103859.91,103859.91,103859.92,3.24094,3.57436,2081777603.3576128,104976.25,102811.32,0.171,177.57,-0.00999999999476131,0.0017100000000000001,-9.628354188600115e-06,bullish
2025-05-14 20:52:59,103859.92,103859.91,103859.92,1.04255,5.50595,2081777344.5959232,104976.25,102811.32,0.171,177.58,-0.00999999999476131,0.0017100000000000001,-9.628353261548162e-06,bullish
2025-05-14 20:53:01,103859.92,103851.95,103851.96,3.46066,4.07478,2081776288.6215992,104976.25,102811.32,0.171,177.58,-0.010000000009313226,0.0017100000000000001,-9.62835327555926e-06,bullish
2025-05-14 20:53:03,103851.95,103841.26,103841.27,1.09619,9.39895,2081929736.916289,104976.25,102811.32,0.158,163.54,-0.010000000009313226,0.00158,-9.629092192600356e-06,bullish
2025-05-14 20:53:05,103825.69,103827.94,103827.95,6.59321,4.79792,2082151780.5094378,104976.25,102811.32,0.121,125.69,-0.00999999999476131,0.00121,-9.631527606280594e-06,bullish
2025-05-14 20:53:07,103827.94,103827.94,103827.95,3.15933,4.33976,2082118481.5090065,104976.25,102811.32,0.13,134.72,-0.00999999999476131,0.0013,-9.631318886574568e-06,bullish
2025-05-14 20:53:09,103827.94,103827.94,103827.95,1.88273,5.29256,2082113815.6160913,104976.25,102811.32,0.13,134.72,-0.00999999999476131,0.0013,-9.631318886574568e-06,bullish
2025-05-14 20:53:11,103827.94,103827.94,103827.95,4.97389,0.06793,2082104645.1694207,104976.25,102811.32,0.135,139.89,-0.00999999999476131,0.00135,-9.631318886574568e-06,bullish
2025-05-14 20:53:13,103827.95,103849.99,103850.0,7.07356,4.57055,2082069800.3489015,104976.25,102811.32,0.135,139.89,-0.00999999999476131,0.00135,-9.631317958951623e-06,bullish
2025-05-14 20:53:15,103850.0,103858.09,103858.1,5.51859,1.85889,2082108898.7398224,104976.25,102811.32,0.15,155.51,-0.010000000009313226,0.0015,-9.629272998857223e-06,bullish
2025-05-14 20:53:17,103858.09,103858.09,103858.1,2.25158,5.25386,2082062503.3963435,104976.25,102811.32,0.159,165.09,-0.010000000009313226,0.00159,-9.628522929040217e-06,bullish
2025-05-14 20:53:19,103858.09,103858.09,103858.1,1.40158,7.01859,2082026577.6938198,104976.25,102811.32,0.152,157.17,-0.010000000009313226,0.0015199999999999999,-9.628522929040217e-06,bullish
2025-05-14 20:53:21,103858.09,103850.8,103850.81,0.16834,8.9846,2081992220.3354688,104976.25,102811.32,0.152,157.18,-0.00999999999476131,0.0015199999999999999,-9.628522915028874e-06,bullish
2025-05-14 20:53:23,103842.81,103838.59,103838.6,5.70129,3.57354,2082024323.0638633,104976.25,102811.32,0.137,141.89,-0.010000000009313226,0.0013700000000000001,-9.629939722656992e-06,bullish
2025-05-14 20:53:25,103838.6,103838.59,103838.6,6.03496,1.07957,2082085573.2804549,104976.25,102811.32,0.133,137.69,-0.010000000009313226,0.00133,-9.630330155947041e-06,bullish
2025-05-14 20:53:27,103838.59,103838.59,103838.6,6.07088,1.07801,2082057046.2257733,104976.25,102811.32,0.146,150.94,-0.010000000009313226,0.00146,-9.63033108337972e-06,bullish
2025-05-14 20:53:29,103838.59,103838.59,103838.6,2.67439,5.05079,2082141270.1764817,104976.25,102811.32,0.146,150.94,-0.010000000009313226,0.00146,-9.63033108337972e-06,bullish
2025-05-14 20:53:31,103836.62,103836.61,103836.62,4.28734,4.01287,2082146037.7761586,104976.25,102811.32,0.144,148.98,-0.00999999999476131,0.0014399999999999999,-9.630513777086841e-06,bullish
2025-05-14 20:53:33,103836.61,103836.61,103836.62,4.93892,2.45646,2082156249.2907987,104976.25,102811.32,0.144,148.96,-0.00999999999476131,0.0014399999999999999,-9.630514704554887e-06,bullish
2025-05-14 20:53:35,103836.61,103847.97,103847.98,0.09754,6e-05,2082153710.2859998,104976.25,102811.32,0.149,154.06,-0.00999999999476131,0.00149,-9.630514704554887e-06,bullish
2025-05-14 20:53:37,103847.97,103832.8,103832.81,2.28742,7.93944,2082166387.7211664,104976.25,102811.32,0.16,165.43,-0.00999999999476131,0.0016,-9.629461216007698e-06,bullish
2025-05-14 20:53:39,103827.22,103827.22,103827.23,4.01546,2.76198,2082241630.9492383,104976.25,102811.32,0.145,150.63,-0.00999999999476131,0.00145,-9.631385675896272e-06,bullish
2025-05-14 20:53:41,103827.22,103827.22,103827.23,3.78969,4.66118,2082238455.4139931,104976.25,102811.32,0.145,150.63,-0.00999999999476131,0.00145,-9.631385675896272e-06,bullish
2025-05-14 20:53:43,103827.22,103827.22,103827.23,0.26478,6.5888,2082231549.1055253,104976.25,102811.32,0.148,153.76,-0.00999999999476131,0.00148,-9.631385675896272e-06,bullish
2025-05-14 20:53:45,103809.53,103809.52,103809.53,2.56262,8.16406,2082327116.025982,104976.25,102811.32,0.131,136.08,-0.00999999999476131,0.00131,-9.633026943442775e-06,bullish
2025-05-14 20:53:47,103809.53,103809.52,103809.53,5.54776,0.2022,2082329334.9539819,104976.25,102811.32,0.131,136.07,-0.00999999999476131,0.00131,-9.633026943442775e-06,bullish
2025-05-14 20:53:49,103809.52,103809.52,103809.53,1.6059,5.87032,2082328217.6671605,104976.25,102811.32,0.131,136.07,-0.00999999999476131,0.00131,-9.633027871394946e-06,bullish
2025-05-14 20:53:51,103790.21,103790.2,103790.21,1.31272,4.71331,2082394945.957888,104976.25,102811.32,0.101,104.63,-0.010000000009313226,0.00101,-9.634820094605479e-06,bullish
2025-05-14 20:53:53,103777.77,103775.35,103775.36,3.57988,6.60996,2082442348.408268,104976.25,102811.32,0.068,70.09,-0.00999999999476131,0.00068,-9.635975021202816e-06,bullish
2025-05-14 20:53:55,103775.36,103775.35,103775.36,2.56736,4.2991,2082525055.7934074,104976.25,102811.32,0.065,67.68,-0.00999999999476131,0.00065,-9.636198799754884e-06,bullish
2025-05-14 20:53:57,103775.35,103775.35,103775.36,2.18226,5.7992,2082520131.073222,104976.25,102811.32,0.065,67.67,-0.00999999999476131,0.00065,-9.636199728318247e-06,bullish
2025-05-14 20:53:59,103778.3,103779.18,103779.19,6.6302,0.86359,2082562369.050954,104976.25,102811.32,0.068,70.61,-0.010000000009313226,0.00068,-9.63592582390849e-06,bullish
